Purpose,Cameras,pixel,Latitude,Longitude
Life Security,1,200,37.50797,127.028573
Life Security,1,200,37.508284,127.030599
Life Security,1,200,37.507595,127.032601
Life Security,1,200,37.506134,127.027567
Life Security,1,200,37.506042,127.025989
Life Security,1,200,37.505121,127.024504
Child Protection,1,200,37.507973,127.025688
Life Security,1,200,37.508515,127.024952
Child Protection,1,200,37.510872,127.026973
Life Security,4,200,37.516772,127.027246
Life Security,5,200,37.506608,127.02627
Child Protection,4,200,37.509341,127.026334
Life Security,4,200,37.514816,127.027049
Life Security,1,41,37.514789,127.026901
Child Protection,3,200,37.517255,127.048211
Life Security,3,200,37.512094,127.052064
Life Security,3,200,37.515637,127.044335
Life Security,4,200,37.513324,127.043699
Life Security,3,200,37.516604,127.045979
Life Security,5,200,37.50903,127.054423
Life Security,4,200,37.510396,127.053065
Life Security,1,41,37.518041,127.041961
Life Security,3,200,37.519472,127.041375
Child Protection,1,41,37.518549,127.044849
Life Security,4,200,37.522968,127.04949
Life Security,1,41,37.523364,127.053993
Life Security,1,41,37.523787,127.05088
Life Security,1,41,37.523098,127.052323
Life Security,1,41,37.520205,127.050383
Life Security,5,200,37.521651,127.050542
Life Security,1,41,37.522218,127.053416
Life Security,3,200,37.520438,127.055573
Life Security,4,200,37.521013,127.047339
Life Security,5,400,37.526276,127.043468
Life Security,5,200,37.52407,127.040212
Life Security,1,41,37.524458,127.042877
Life Security,1,41,37.524915,127.044417
Life Security,4,200,37.52486,127.045989
Child Protection,1,41,37.527286,127.045668
Life Security,4,200,37.512398,127.032783
Life Security,4,200,37.509608,127.040002
Life Security,5,200,37.519307,127.031745
Life Security,4,200,37.531503,127.037912
Child Protection,4,200,37.529132,127.035532
Life Security,5,200,37.526376,127.031548
Life Security,3,200,37.532734,127.032384
Life Security,4,200,37.526941,127.039982
Life Security,4,200,37.522634,127.029674
Life Security,5,200,37.522603,127.030382
Life Security,4,200,37.522718,127.031342
Life Security,5,200,37.525431,127.029848
Life Security,5,200,37.526896,127.029221
Life Security,5,200,37.526241,127.034622
Traffic Control,1,41,37.516454,127.020782
Traffic Control,1,41,37.515205,127.022642
Traffic Control,1,400,37.512973,127.027904
Child Protection,1,200,37.508887,127.027004
Traffic Control,1,41,37.513842,127.031078
Traffic Control,1,41,37.514254,127.032201
Traffic Control,1,200,37.513946,127.033435
Traffic Control,1,41,37.514723,127.033685
Traffic Control,1,41,37.520688,127.031946
Traffic Control,1,200,37.513196,127.035169
Life Security,3,200,37.482275,127.053412
Child Protection,4,200,37.481835,127.05961
Life Security,4,200,37.477309,127.058422
Life Security,3,200,37.480673,127.058757
Life Security,4,200,37.479797,127.057142
Life Security,3,200,37.477524,127.065706
Life Security,3,200,37.485808,127.054649
Life Security,4,200,37.483979,127.057306
Life Security,4,400,37.478186,127.06022
Life Security,4,200,37.479874,127.059281
Life Security,4,200,37.483668,127.062572
Child Protection,4,200,37.483644,127.061163
Life Security,4,200,37.484505,127.061309
Child Protection,4,200,37.483889,127.059905
Life Security,1,41,37.484573,127.060091
Child Protection,1,41,37.485067,127.058019
Life Security,1,41,37.490296,127.068737
Life Security,4,200,37.487208,127.033646
Life Security,4,200,37.487701,127.034161
Life Security,4,200,37.487332,127.043729
Life Security,4,200,37.488339,127.040201
Life Security,3,200,37.485881,127.106247
Life Security,3,200,37.492329,127.094383
Life Security,3,200,37.492555,127.095676
Life Security,3,200,37.482456,127.094585
Life Security,4,200,37.471849,127.10889
Life Security,3,200,37.466281,127.09495
Life Security,4,200,37.470832,127.093075
Life Security,3,200,37.47401,127.10424
Life Security,4,200,37.471573,127.106589
Life Security,7,200,37.50251,127.042772
Child Protection,4,200,37.474156,127.10927
Life Security,4,200,37.520595,127.038389
Life Security,4,200,37.516864,127.037954
Life Security,4,200,37.517875,127.030325
Life Security,4,200,37.494971,127.044339
Life Security,3,200,37.49131,127.098962
Life Security,4,200,37.473169,127.103052
Life Security,4,200,37.467362,127.100161
Life Security,4,200,37.485049,127.041826
Life Security,3,200,37.493998,127.03699
Child Protection,4,200,37.499213,127.053032
Life Security,3,200,37.512417,127.045866
Life Security,5,200,37.514834,127.049825
Life Security,5,200,37.506834,127.054642
Life Security,4,200,37.510698,127.05118
Life Security,4,200,37.506172,127.048795
Life Security,4,200,37.515043,127.048559
Life Security,4,200,37.510775,127.050496
Child Protection,5,200,37.506813,127.051129
Life Security,3,200,37.512192,127.045172
Child Protection,3,200,37.51336,127.046499
Life Security,5,400,37.513642,127.049683
Life Security,1,200,37.511745,127.051146
Life Security,3,400,37.514253,127.043357
Life Security,4,400,37.514034,127.043863
Life Security,1,200,37.512527,127.048528
Life Security,4,200,37.513456,127.043158
Life Security,3,200,37.511267,127.050696
Life Security,5,200,37.511337,127.052894
Life Security,4,200,37.506334,127.052512
Life Security,4,200,37.508792,127.052623
Life Security,3,200,37.509643,127.053363
Life Security,4,200,37.509553,127.053825
Life Security,5,200,37.521752,127.037519
Life Security,5,200,37.520832,127.036703
Child Protection,4,200,37.517116,127.037389
Life Security,4,200,37.509634,127.037864
Life Security,4,200,37.519595,127.039426
Child Protection,5,200,37.511502,127.034968
Life Security,4,400,37.511047,127.03386
Life Security,4,400,37.518793,127.029723
Life Security,5,400,37.517936,127.039257
Life Security,5,400,37.512402,127.032526
Life Security,5,400,37.510722,127.042715
Life Security,4,400,37.516676,127.033042
Life Security,5,200,37.518376,127.030809
Life Security,4,200,37.513089,127.032823
Life Security,4,200,37.518192,127.036907
Life Security,3,200,37.508407,127.034517
Child Protection,4,200,37.51198,127.041444
Life Security,3,200,37.508758,127.034681
Life Security,4,200,37.496631,127.061022
Life Security,2,400,37.496146,127.062303
Life Security,3,200,37.489225,127.058086
Life Security,3,200,37.489642,127.05946
Traffic Control,2,41,37.516991,127.041041
Traffic Control,1,400,37.509521,127.037404
Traffic Control,1,200,37.520968,127.032847
Traffic Control,1,200,37.516539,127.038589
Child Protection,1,41,37.511677,127.035661
Traffic Control,1,200,37.519741,127.034857
Traffic Control,1,41,37.510485,127.037001
Traffic Control,1,200,37.513244,127.035633
Traffic Control,1,200,37.520258,127.03691
Traffic Control,1,200,37.516252,127.034539
Traffic Control,1,200,37.510996,127.035247
Traffic Control,1,200,37.511032,127.033854
Traffic Control,1,41,37.493808,127.061238
Traffic Control,1,41,37.493189,127.059897
Traffic Control,1,41,37.492169,127.057685
Child Protection,1,41,37.498307,127.060983
Traffic Control,1,41,37.496793,127.055006
Traffic Control,1,200,37.497311,127.056572
Traffic Control,1,200,37.49835,127.059784
Traffic Control,1,200,37.495778,127.059228
Life Security,4,200,37.504326,127.056214
Child Protection,4,200,37.486488,127.037986
Life Security,4,200,37.485448,127.037499
Child Protection,3,200,37.489606,127.041427
Life Security,4,400,37.486712,127.044209
Life Security,3,400,37.485714,127.037896
Life Security,4,400,37.489048,127.049325
Life Security,4,400,37.486077,127.043715
Life Security,3,200,37.486747,127.038249
Life Security,4,200,37.48724,127.0455
Life Security,4,200,37.489324,127.0328
Life Security,4,200,37.484815,127.042337
Child Protection,1,41,37.492307,127.054546
Child Protection,1,200,37.484815,127.044665
Life Security,4,200,37.483138,127.044815
Life Security,4,200,37.483053,127.046596
Life Security,4,200,37.485147,127.046242
Life Security,3,200,37.48261,127.042658
Life Security,1,200,37.482559,127.04474
Life Security,1,200,37.48324,127.045856
Life Security,1,200,37.483181,127.04754
Life Security,1,200,37.4845,127.0446
Life Security,3,200,37.474315,127.048732
Life Security,5,200,37.527345,127.051534
Life Security,5,200,37.512506,127.022983
Life Security,4,200,37.516103,127.023365
Life Security,4,200,37.512731,127.033945
Child Protection,4,200,37.510165,127.039566
Life Security,4,200,37.522288,127.043046
Life Security,4,200,37.520441,127.02436
Life Security,3,200,37.514353,127.042819
Life Security,5,200,37.516443,127.061382
Child Protection,4,200,37.479489,127.050852
Life Security,3,200,37.469534,127.090934
Life Security,5,200,37.486629,127.043372
Life Security,4,200,37.485785,127.04157
Life Security,3,200,37.492384,127.038624
Traffic Control,1,41,37.485196,127.037645
Child Protection,1,200,37.521495,127.023607
Child Protection,1,200,37.520184,127.023637
Traffic Control,1,200,37.463275,127.103711
Traffic Control,1,200,37.503555,127.051529
Traffic Control,1,200,37.503007,127.047533
Traffic Control,1,41,37.503721,127.047255
Child Protection,2,41,37.500339,127.050763
Traffic Control,1,200,37.496749,127.045334
Traffic Control,1,200,37.493449,127.040587
Traffic Control,1,200,37.501594,127.044351
Traffic Control,1,400,37.500955,127.041796
Traffic Control,1,41,37.502841,127.049645
Traffic Control,1,41,37.498556,127.050786
Traffic Control,1,200,37.495864,127.047138
Child Protection,1,400,37.494442,127.044704
Life Security,5,200,37.51254,127.050215
Life Security,4,200,37.492902,127.086637
Life Security,1,200,37.490745,127.084138
Life Security,4,200,37.493833,127.084173
Life Security,4,200,37.490686,127.088251
Child Protection,4,200,37.493315,127.087028
Child Protection,1,41,37.492327,127.088066
Life Security,4,200,37.495172,127.085515
Life Security,4,200,37.492262,127.082975
Life Security,3,200,37.491874,127.08822
Child Protection,5,200,37.490774,127.083718
Child Protection,4,200,37.493149,127.085906
Life Security,1,41,37.490001,127.085885
Child Protection,3,200,37.491947,127.082904
Life Security,3,200,37.491965,127.085998
Life Security,4,200,37.490792,127.081281
Life Security,5,200,37.492472,127.085493
Life Security,4,200,37.489579,127.082346
Life Security,4,200,37.494514,127.083412
Life Security,3,200,37.495624,127.085769
Life Security,5,400,37.491096,127.084579
Child Protection,4,41,37.490528,127.061509
Life Security,4,41,37.491771,127.064288
Life Security,3,200,37.494831,127.061906
Life Security,4,400,37.494153,127.060356
Life Security,3,200,37.493009,127.057893
Life Security,4,400,37.488597,127.105811
Life Security,3,400,37.486889,127.102682
Life Security,4,200,37.517013,127.020145
Life Security,1,200,37.519166,127.019468
Life Security,4,200,37.521063,127.01943
Life Security,5,200,37.518106,127.021442
Life Security,1,41,37.520574,127.02126
Life Security,5,400,37.520446,127.022139
Life Security,1,41,37.521689,127.020251
Life Security,1,41,37.521518,127.021313
Child Protection,1,200,37.521659,127.021946
Life Security,4,400,37.518659,127.023963
Life Security,5,200,37.520106,127.023674
Child Protection,5,400,37.523156,127.025358
Child Protection,1,41,37.523858,127.02472
Child Protection,4,400,37.523181,127.023305
Life Security,3,200,37.501915,127.051354
Life Security,1,41,37.503106,127.052647
Life Security,1,41,37.502144,127.053419
Life Security,4,200,37.502728,127.055377
Life Security,1,41,37.502264,127.053945
Life Security,1,41,37.502249,127.058376
Life Security,1,41,37.501542,127.058269
Life Security,4,200,37.500674,127.057668
Child Protection,4,400,37.501506,127.056273
Life Security,4,200,37.50114,127.055152
Life Security,1,41,37.500323,127.054487
Life Security,1,41,37.500417,127.05291
Child Protection,1,41,37.499821,127.055125
Life Security,4,200,37.49997,127.055672
Life Security,5,200,37.499539,127.058198
Life Security,5,400,37.499953,127.059776
Life Security,1,41,37.499259,127.057582
Life Security,1,200,37.499218,127.058226
Child Protection,4,200,37.498642,127.055667
Life Security,4,200,37.497995,127.056059
Life Security,1,200,37.503421,127.055399
Life Security,1,200,37.501149,127.058811
Child Protection,3,200,37.494256,127.053731
Child Protection,3,200,37.484219,127.043839
Life Security,3,200,37.482815,127.045137
Life Security,5,200,37.483947,127.042766
Life Security,1,200,37.496728,127.031197
Life Security,3,200,37.500773,127.02892
Life Security,3,200,37.503985,127.02815
Life Security,3,200,37.50713,127.036377
Life Security,3,200,37.495254,127.034673
Child Protection,3,200,37.505911,127.036724
Life Security,4,200,37.497091,127.030939
Life Security,5,200,37.503467,127.038038
Life Security,3,200,37.494001,127.035684
Life Security,1,200,37.498657,127.027413
Life Security,1,200,37.498657,127.027413
Life Security,4,200,37.493575,127.037513
Life Security,4,200,37.50654,127.043766
Life Security,4,200,37.507203,127.044003
Life Security,4,200,37.495158,127.033732
Life Security,3,200,37.493962,127.034915
Life Security,5,200,37.493211,127.039474
Traffic Control,1,200,37.485278,127.034631
Traffic Control,1,200,37.48259,127.07988
Traffic Control,1,200,37.525457,127.044417
Traffic Control,1,200,37.525669,127.043343
Traffic Control,1,200,37.50633,127.052519
Traffic Control,1,200,37.491684,127.030863
Child Protection,1,200,37.499448,127.047839
Traffic Control,1,200,37.499148,127.029728
Traffic Control,1,200,37.501015,127.040258
Traffic Control,4,200,37.484283,127.094624
Traffic Control,1,200,37.493597,127.059075
Traffic Control,1,200,37.519586,127.050811
Child Protection,1,200,37.474146,127.10928
Child Protection,1,200,37.471703,127.090069
Traffic Control,1,200,37.523132,127.044694
Disaster Detection,1,200,37.527532,127.021502
Disaster Detection,1,200,37.493484,127.072248
Disaster Detection,1,200,37.528112,127.051618
Life Security,2,400,37.48716,127.052032
Life Security,1,200,37.481645,127.049328
Traffic Control,1,200,37.502181,127.04482
Child Protection,1,200,37.492294,127.083681
Child Protection,1,400,37.491491,127.087817
Child Protection,1,400,37.49349,127.087064
Traffic Control,1,200,37.489109,127.081801
Child Protection,1,400,37.490884,127.080688
Child Protection,1,200,37.492454,127.076439
Child Protection,1,200,37.494872,127.078394
Traffic Control,1,200,37.494706,127.082449
Traffic Control,1,200,37.497987,127.074348
Traffic Control,1,200,37.498772,127.077023
Child Protection,1,200,37.485539,127.083151
Traffic Control,1,41,37.527436,127.041594
Traffic Control,1,41,37.527232,127.042366
Child Protection,1,41,37.52685,127.043821
Traffic Control,1,200,37.518773,127.049124
Traffic Control,1,200,37.518917,127.049874
Traffic Control,1,41,37.519732,127.049954
Traffic Control,1,41,37.524661,127.039737
Traffic Control,1,41,37.52461,127.048703
Life Security,4,200,37.479661,127.049623
Life Security,4,400,37.493303,127.085211
Life Security,4,400,37.493007,127.082188
Life Security,3,200,37.493315,127.082013
Child Protection,5,200,37.491321,127.082393
Life Security,4,200,37.489121,127.081995
Life Security,4,200,37.489573,127.083282
Life Security,5,200,37.491545,127.085314
Life Security,4,200,37.492075,127.084053
Life Security,4,200,37.49575,127.078308
Life Security,3,200,37.493849,127.080064
Life Security,3,200,37.494631,127.082462
Disaster Detection,1,200,37.4833,127.107365
Disaster Detection,1,200,37.483455,127.107274
Disaster Detection,1,200,37.48336,127.107402
Disaster Detection,1,200,37.4834,127.107321
Disaster Detection,1,200,37.483432,127.107418
Disaster Detection,1,200,37.483472,127.107408
Life Security,4,200,37.509026,127.023919
Child Protection,3,200,37.511509,127.028305
Life Security,4,200,37.507199,127.031083
Life Security,4,200,37.506125,127.024577
Child Protection,1,200,37.522158,127.023471
Life Security,1,41,37.521611,127.024836
Life Security,3,200,37.520654,127.025759
Life Security,1,200,37.520337,127.026008
Life Security,3,200,37.521033,127.026424
Life Security,4,200,37.519418,127.025308
Life Security,1,41,37.521767,127.02662
Life Security,1,200,37.522725,127.025792
Life Security,4,200,37.52513,127.025842
Life Security,4,200,37.522987,127.027683
Life Security,1,200,37.519614,127.021551
Life Security,1,200,37.521436,127.023544
Life Security,1,200,37.522093,127.024598
Life Security,1,200,37.519902,127.026299
Child Protection,1,41,37.528559,127.046142
Life Security,5,200,37.528194,127.047906
Life Security,1,41,37.528151,127.050145
Life Security,1,41,37.527177,127.052518
Life Security,1,41,37.526528,127.050361
Child Protection,1,41,37.527022,127.048186
Life Security,4,200,37.52628,127.047128
Child Protection,1,200,37.499455,127.053897
Life Security,1,200,37.497855,127.053183
Life Security,1,200,37.498544,127.05718
Life Security,1,200,37.502408,127.050603
Life Security,1,200,37.503832,127.055104
Life Security,1,200,37.499702,127.058762
Life Security,4,200,37.50354,127.051536
Life Security,3,200,37.52339,127.037916
Life Security,3,200,37.522587,127.029018
Child Protection,4,200,37.528326,127.044204
Life Security,3,200,37.531667,127.034681
Life Security,4,200,37.524656,127.036066
Life Security,5,400,37.527766,127.030781
Life Security,4,400,37.528387,127.031251
Life Security,5,200,37.52831,127.028448
Life Security,4,200,37.52634,127.037529
Life Security,5,200,37.526752,127.038957
Life Security,4,200,37.523954,127.03116
Life Security,4,200,37.530716,127.031453
Life Security,4,200,37.504902,127.033147
Life Security,3,200,37.501305,127.027613
Child Protection,5,200,37.491811,127.031696
Child Protection,4,200,37.492279,127.03325
Life Security,5,200,37.493114,127.038799
Life Security,4,200,37.494213,127.03797
Life Security,4,200,37.500895,127.0312
Life Security,4,200,37.501578,127.034317
Life Security,4,200,37.506821,127.035309
Life Security,4,200,37.504123,127.040201
Life Security,5,200,37.508119,127.041789
Life Security,5,200,37.496565,127.03562
Life Security,4,200,37.491875,127.037358
Child Protection,3,200,37.493006,127.032084
Traffic Control,1,200,37.516913,127.021021
Traffic Control,1,400,37.517654,127.022733
Traffic Control,1,41,37.518577,127.024854
Traffic Control,1,200,37.524465,127.028234
Traffic Control,1,200,37.517575,127.019379
Traffic Control,1,200,37.526081,127.026569
Child Protection,1,200,37.522635,127.023417
Child Protection,1,200,37.52319,127.025241
Traffic Control,1,200,37.524184,127.022199
Child Protection,1,200,37.475093,127.052428
Child Protection,1,200,37.474983,127.049388
Life Security,1,200,37.477731,127.045273
Life Security,1,200,37.478229,127.050276
Life Security,1,200,37.47853,127.048123
Life Security,4,200,37.475783,127.049025
Life Security,5,200,37.479798,127.04688
Life Security,5,200,37.47635,127.049668
Life Security,4,200,37.482205,127.048335
Life Security,3,200,37.476763,127.052384
Child Protection,3,200,37.479667,127.050252
Life Security,4,200,37.474135,127.053509
Life Security,3,200,37.474187,127.052383
Child Protection,4,200,37.478933,127.055546
Child Protection,4,200,37.478958,127.055619
Child Protection,4,200,37.478556,127.051415
Life Security,5,200,37.473756,127.051266
Life Security,5,200,37.476311,127.047147
Life Security,3,200,37.482414,127.049657
Life Security,3,200,37.473159,127.053258
Life Security,5,200,37.473232,127.050323
Life Security,5,200,37.509111,127.029312
Life Security,4,200,37.511786,127.030876
Life Security,4,200,37.510481,127.029141
Life Security,3,200,37.509424,127.027175
Life Security,4,200,37.511385,127.029937
Life Security,4,200,37.510567,127.029656
Life Security,4,200,37.509604,127.031442
Life Security,4,200,37.511484,127.024821
Life Security,3,200,37.511338,127.024289
Life Security,3,200,37.509128,127.031574
Life Security,4,200,37.514331,127.029452
Life Security,5,200,37.508715,127.029848
Life Security,4,200,37.509062,127.030756
Life Security,5,400,37.515245,127.021454
Life Security,5,400,37.512889,127.024292
Life Security,5,400,37.505277,127.024997
Life Security,4,400,37.507616,127.030374
Life Security,5,400,37.509197,127.027914
Life Security,5,400,37.512162,127.027262
Life Security,4,200,37.513039,127.021263
Life Security,5,200,37.514705,127.020927
Life Security,5,200,37.510904,127.02844
Life Security,1,41,37.527731,127.046757
Child Protection,1,200,37.52512,127.048933
Life Security,5,200,37.525585,127.052631
Life Security,4,200,37.527488,127.053311
Life Security,1,41,37.524053,127.056126
Child Protection,4,400,37.522305,127.057091
Child Protection,3,200,37.527602,127.044055
Life Security,1,200,37.522895,127.047252
Life Security,1,200,37.52029,127.043634
Child Protection,1,200,37.518867,127.046617
Life Security,1,200,37.518646,127.048765
Life Security,1,200,37.522302,127.044239
Life Security,1,200,37.522206,127.042737
Life Security,1,200,37.521597,127.045696
Life Security,3,200,37.519064,127.041043
Life Security,4,200,37.522361,127.043857
Child Protection,5,200,37.526826,127.048798
Life Security,4,200,37.522448,127.049244
Child Protection,3,200,37.519118,127.046603
Child Protection,3,200,37.522204,127.040307
Life Security,3,200,37.52158,127.043222
Life Security,4,200,37.502231,127.029434
Life Security,5,200,37.503157,127.032911
Life Security,5,200,37.502957,127.031088
Life Security,3,200,37.500996,127.030178
Life Security,1,41,37.502437,127.034246
Life Security,1,41,37.505645,127.039679
Life Security,3,200,37.505049,127.036372
Life Security,5,200,37.502599,127.037653
Life Security,1,41,37.504913,127.039367
Life Security,1,41,37.504957,127.040698
Life Security,1,41,37.50908,127.043922
Life Security,1,41,37.507372,127.045123
Life Security,4,400,37.507534,127.042162
Life Security,1,41,37.508307,127.042568
Life Security,1,41,37.506509,127.045717
Life Security,1,41,37.504527,127.045076
Traffic Control,1,200,37.494153,127.060356
Traffic Control,1,200,37.495346,127.055372
Traffic Control,1,400,37.507904,127.060805
Traffic Control,1,400,37.498576,127.068395
Traffic Control,1,200,37.500328,127.064844
Traffic Control,1,200,37.525485,127.028271
Traffic Control,1,400,37.521692,127.026593
Traffic Control,1,400,37.522836,127.037273
Child Protection,1,41,37.528906,127.035673
Child Protection,1,41,37.528637,127.036804
Traffic Control,1,41,37.528282,127.038269
Traffic Control,1,200,37.527899,127.039739
Traffic Control,1,200,37.522358,127.035695
Traffic Control,1,200,37.523408,127.038999
Traffic Control,1,41,37.532105,127.027319
Traffic Control,1,200,37.520817,127.02833
Traffic Control,1,41,37.52751,127.029353
Traffic Control,1,41,37.528427,127.033478
Traffic Control,1,200,37.522991,127.033042
Traffic Control,1,41,37.526413,127.033176
Traffic Control,1,200,37.526552,127.028681
Traffic Control,1,41,37.523146,127.028472
Traffic Control,1,200,37.528364,127.039149
Traffic Control,1,200,37.524326,127.032907
Traffic Control,1,400,37.529011,127.041269
Child Protection,1,41,37.488893,127.069232
Life Security,3,200,37.478883,127.046801
Life Security,5,200,37.474105,127.051027
Life Security,3,200,37.477434,127.050357
Life Security,4,200,37.476766,127.051351
Life Security,3,200,37.47823,127.046273
Life Security,3,200,37.477445,127.046626
Life Security,4,200,37.477079,127.050735
Life Security,3,200,37.478214,127.050706
Life Security,4,200,37.517168,127.064803
Life Security,4,200,37.519016,127.055584
Life Security,5,200,37.516684,127.065139
Life Security,3,200,37.519031,127.063612
Life Security,4,200,37.515466,127.06093
Life Security,3,200,37.517678,127.06108
Life Security,4,200,37.518187,127.054782
Life Security,5,200,37.509817,127.056842
Life Security,4,200,37.515634,127.053747
Child Protection,4,200,37.516497,127.06005
Life Security,5,200,37.483502,127.043637
Child Protection,4,200,37.517672,127.053387
Life Security,3,400,37.512926,127.064597
Life Security,4,200,37.509364,127.027502
Life Security,5,200,37.507497,127.02896
Life Security,4,200,37.50809,127.030163
Life Security,3,200,37.5066,127.03109
Life Security,5,200,37.511814,127.046414
Life Security,5,200,37.514344,127.050216
Life Security,4,200,37.465264,127.109738
Life Security,3,400,37.466635,127.108858
Life Security,3,400,37.466994,127.109753
Child Protection,3,200,37.464516,127.106511
Life Security,1,200,37.4622,127.107313
Life Security,4,200,37.473202,127.10789
Life Security,3,200,37.468189,127.100283
Life Security,1,41,37.469087,127.10016
Life Security,1,200,37.468725,127.100728
Life Security,1,41,37.471822,127.106213
Life Security,1,41,37.470326,127.105009
Life Security,1,41,37.470424,127.102627
Life Security,1,41,37.483153,127.104333
Life Security,4,200,37.482004,127.101882
Life Security,1,41,37.481548,127.104161
Life Security,1,41,37.474421,127.099791
Life Security,4,200,37.518882,127.047919
Life Security,4,200,37.494503,127.055866
Life Security,1,41,37.493439,127.05681
Life Security,3,200,37.495346,127.055372
Life Security,1,41,37.495778,127.059228
Life Security,3,200,37.496776,127.056563
Life Security,1,200,37.495839,127.057089
Life Security,5,200,37.497552,127.060533
Child Protection,3,200,37.497841,127.059635
Life Security,3,200,37.497114,127.059338
Child Protection,1,41,37.492583,127.060109
Child Protection,1,200,37.493498,127.054371
Child Protection,4,200,37.497449,127.058597
Life Security,3,200,37.491341,127.057002
Child Protection,3,200,37.490372,127.063211
Life Security,4,200,37.496367,127.055002
Child Protection,5,200,37.497639,127.059204
Life Security,4,200,37.489539,127.056334
Life Security,3,200,37.493808,127.061841
Life Security,3,200,37.494939,127.056694
Traffic Control,1,41,37.499235,127.062509
Traffic Control,1,200,37.507325,127.063609
Traffic Control,1,41,37.508566,127.066977
Traffic Control,1,200,37.499612,127.063677
Traffic Control,1,200,37.50139,127.059765
Child Protection,1,400,37.500182,127.062239
Traffic Control,1,41,37.503589,127.060469
Child Protection,1,41,37.504016,127.061809
Traffic Control,1,200,37.50028,127.06037
Traffic Control,1,41,37.502629,127.067786
Child Protection,1,200,37.49756,127.05244
Traffic Control,1,41,37.498278,127.058621
Traffic Control,1,41,37.498911,127.060525
Traffic Control,1,41,37.504646,127.050213
Traffic Control,1,200,37.501169,127.052557
Traffic Control,1,200,37.501879,127.05518
Traffic Control,1,200,37.504245,127.056244
Traffic Control,1,200,37.504803,127.055947
Traffic Control,1,200,37.499907,127.051338
Child Protection,1,200,37.489311,127.041354
Child Protection,1,41,37.485169,127.037252
Life Security,1,200,37.486032,127.067635
Child Protection,1,200,37.486785,127.071664
Life Security,1,200,37.484132,127.068395
Life Security,1,200,37.484982,127.06579
Life Security,1,200,37.488546,127.067982
Life Security,4,200,37.482742,127.061182
Life Security,4,200,37.482809,127.062544
Child Protection,3,200,37.488093,127.073654
Child Protection,1,41,37.489556,127.075386
Child Protection,3,200,37.49015,127.070929
Life Security,4,200,37.484289,127.062013
Life Security,4,200,37.486921,127.060082
Life Security,5,200,37.48902,127.067864
Child Protection,3,200,37.48678,127.069693
Life Security,3,200,37.485992,127.059497
Life Security,4,200,37.483927,127.059223
Life Security,4,200,37.492449,127.071784
Life Security,4,200,37.483169,127.069805
Child Protection,1,41,37.488969,127.0744
Child Protection,4,200,37.488548,127.071634
Life Security,4,200,37.487383,127.064587
Life Security,4,400,37.519128,127.05605
Life Security,4,400,37.509364,127.058377
Life Security,4,400,37.517316,127.060579
Life Security,4,200,37.51703,127.052802
Life Security,5,200,37.518143,127.062193
Life Security,5,200,37.517823,127.062958
Life Security,4,200,37.51683,127.053429
Life Security,5,200,37.516702,127.042463
Life Security,1,200,37.516674,127.045451
Life Security,3,200,37.515373,127.042933
Life Security,1,41,37.515498,127.050316
Life Security,1,41,37.515477,127.048763
Child Protection,1,41,37.513706,127.047851
Life Security,1,41,37.514528,127.045877
Life Security,4,200,37.513713,127.044869
Life Security,1,41,37.512762,127.044514
Life Security,4,200,37.498511,127.041968
Life Security,1,41,37.497097,127.046425
Life Security,3,200,37.49837,127.05132
Life Security,4,200,37.497298,127.051349
Life Security,4,200,37.495971,127.049412
Life Security,1,41,37.474343,127.098942
Life Security,1,41,37.473098,127.09672
Life Security,1,200,37.472254,127.10958
Child Protection,5,200,37.473463,127.099986
Life Security,1,200,37.464314,127.10725
Life Security,1,200,37.474944,127.097543
Life Security,3,200,37.463036,127.105272
Life Security,4,200,37.472075,127.104833
Life Security,1,41,37.463139,127.101072
Life Security,1,41,37.462427,127.104338
Life Security,1,41,37.460507,127.103587
Life Security,1,41,37.460482,127.103169
Life Security,4,200,37.461367,127.101702
Life Security,4,200,37.481427,127.103311
Life Security,5,200,37.467053,127.094367
Child Protection,5,200,37.469807,127.104195
Life Security,1,200,37.496078,127.075549
Child Protection,1,200,37.495719,127.07777
Child Protection,1,200,37.489131,127.077099
Life Security,4,200,37.489551,127.077352
Life Security,4,400,37.492424,127.058207
Life Security,3,200,37.496903,127.061442
Life Security,3,200,37.494175,127.063011
Life Security,3,200,37.498627,127.060622
Life Security,4,400,37.498379,127.069065
Life Security,3,400,37.496512,127.063808
Child Protection,1,200,37.495054,127.065731
Life Security,3,200,37.491694,127.06829
Life Security,1,41,37.49426,127.070001
Life Security,3,200,37.496188,127.069802
Life Security,1,200,37.52248,127.021872
Life Security,1,200,37.519116,127.021543
Life Security,1,41,37.520633,127.026732
Life Security,1,200,37.519892,127.021105
Life Security,4,200,37.52679,127.020953
Life Security,1,200,37.522343,127.026493
Life Security,1,200,37.526478,127.020566
Life Security,5,200,37.518124,127.019799
Life Security,4,200,37.525201,127.021597
Life Security,1,41,37.527481,127.025218
Life Security,3,200,37.527409,127.021742
Child Protection,1,200,37.486677,127.039311
Traffic Control,1,41,37.487926,127.048404
Life Security,4,200,37.497574,127.054374
Life Security,5,200,37.502366,127.052534
Life Security,4,200,37.498957,127.052159
Life Security,4,200,37.501647,127.051891
Life Security,3,200,37.499953,127.058639
Child Protection,4,200,37.500246,127.056322
Life Security,3,200,37.500097,127.058371
Life Security,4,200,37.499131,127.059036
Life Security,4,200,37.497489,127.055216
Life Security,5,200,37.503429,127.055392
Life Security,5,200,37.501115,127.056896
Life Security,4,200,37.503753,127.055694
Life Security,5,200,37.500808,127.056091
Life Security,3,200,37.498731,127.052761
Child Protection,4,200,37.49841,127.054793
Life Security,5,200,37.50335,127.057299
Life Security,4,400,37.503125,127.049918
Life Security,4,400,37.499962,127.053323
Life Security,4,400,37.502361,127.056918
Life Security,4,400,37.499907,127.051338
Life Security,4,200,37.488714,127.061791
Life Security,4,200,37.488942,127.06461
Life Security,3,200,37.48966,127.067125
Life Security,4,200,37.488295,127.059519
Life Security,4,400,37.483577,127.063603
Life Security,4,200,37.486692,127.059615
Child Protection,4,200,37.484022,127.061651
Life Security,5,200,37.482116,127.043871
Life Security,4,200,37.484722,127.046564
Life Security,4,200,37.4845,127.042465
Life Security,4,200,37.483794,127.04607
Life Security,5,200,37.481648,127.044278
Life Security,5,200,37.482408,127.045507
Life Security,4,200,37.485043,127.045593
Life Security,4,200,37.490949,127.0488
Life Security,4,200,37.483502,127.043637
Life Security,3,400,37.488562,127.053709
Life Security,5,400,37.487229,127.052253
Life Security,3,200,37.485783,127.045502
Life Security,1,41,37.517457,127.050995
Life Security,1,200,37.519483,127.057014
Life Security,1,41,37.499907,127.037393
Life Security,1,41,37.496467,127.04232
Life Security,1,41,37.496097,127.043521
Life Security,1,41,37.495213,127.040475
Life Security,1,41,37.493744,127.041162
Life Security,4,200,37.495173,127.042507
Life Security,4,400,37.495824,127.044886
Child Protection,4,200,37.495265,127.045057
Life Security,1,41,37.494503,127.042762
Life Security,1,41,37.493705,127.042339
Life Security,4,200,37.494637,127.045417
Life Security,1,200,37.501026,127.042382
Life Security,1,200,37.495747,127.04074
Life Security,1,200,37.498071,127.039246
Life Security,1,200,37.497713,127.048589
Life Security,1,200,37.497902,127.041644
Life Security,4,200,37.49753,127.044485
Life Security,4,200,37.493964,127.043421
Child Protection,4,200,37.494679,127.044843
Life Security,4,200,37.495577,127.047927
Life Security,5,200,37.495556,127.043779
Life Security,5,200,37.495831,127.042637
Life Security,3,200,37.492086,127.076956
Child Protection,4,200,37.492013,127.074471
Child Protection,4,200,37.496657,127.07748
Life Security,4,200,37.49051,127.077252
Life Security,4,200,37.493058,127.072447
Life Security,5,200,37.495578,127.079158
Child Protection,3,200,37.493378,127.074601
Child Protection,4,200,37.493824,127.077382
Life Security,3,400,37.492682,127.072343
Life Security,2,200,37.497031,127.074379
Child Protection,4,200,37.484851,127.086289
Child Protection,4,200,37.483501,127.079761
Life Security,1,41,37.483282,127.07787
Life Security,1,41,37.482889,127.077031
Life Security,1,41,37.480908,127.076581
Life Security,1,41,37.480627,127.078405
Life Security,1,200,37.480811,127.08098
Child Protection,1,41,37.48129,127.08421
Child Protection,1,41,37.485789,127.086119
Life Security,1,41,37.485526,127.091019
Life Security,1,41,37.528653,127.022649
Life Security,3,200,37.530148,127.023759
Life Security,1,41,37.525494,127.019419
Life Security,4,200,37.526141,127.020881
Life Security,4,200,37.520767,127.020476
Life Security,4,200,37.52001,127.025213
Child Protection,3,200,37.519899,127.023743
Life Security,3,200,37.520044,127.025696
Child Protection,4,200,37.522766,127.024522
Life Security,5,200,37.519567,127.020364
Life Security,4,200,37.523499,127.02693
Life Security,4,200,37.520844,127.025095
Life Security,4,200,37.524077,127.026619
Life Security,3,200,37.517825,127.020734
Life Security,5,200,37.522135,127.019967
Life Security,5,200,37.523356,127.022424
Life Security,4,200,37.518552,127.020165
Life Security,4,200,37.520153,127.02046
Life Security,3,200,37.51959,127.050806
Life Security,5,200,37.527706,127.049955
Life Security,5,200,37.520977,127.044278
Life Security,1,200,37.500696,127.053811
Life Security,1,200,37.503484,127.05484
Life Security,5,200,37.503364,127.05326
Life Security,3,200,37.49988,127.052327
Life Security,4,200,37.500519,127.055153
Life Security,1,200,37.488909,127.048699
Life Security,5,200,37.487701,127.046328
Life Security,1,41,37.488348,127.047948
Life Security,5,200,37.489991,127.037294
Life Security,5,200,37.490851,127.038217
Life Security,1,200,37.504102,127.025439
Life Security,1,200,37.498033,127.033453
Life Security,1,41,37.498544,127.036243
Life Security,5,200,37.498544,127.036243
Life Security,1,41,37.496808,127.034735
Child Protection,3,200,37.497463,127.035974
Life Security,5,200,37.49619,127.037138
Life Security,5,200,37.496407,127.036312
Life Security,1,41,37.49462,127.034247
Life Security,1,41,37.495033,127.035733
Life Security,4,200,37.495684,127.034376
Life Security,1,41,37.49413,127.036339
Life Security,4,200,37.518813,127.054423
Life Security,1,41,37.517304,127.054932
Child Protection,4,200,37.517928,127.05299
Life Security,1,41,37.516615,127.052293
Life Security,1,41,37.515943,127.053859
Life Security,1,41,37.51576,127.052411
Child Protection,1,41,37.514828,127.053269
Child Protection,3,200,37.514007,127.054669
Life Security,1,41,37.514668,127.058913
Child Protection,1,41,37.519485,127.060742
Life Security,1,41,37.518606,127.060372
Child Protection,1,41,37.516805,127.060022
Life Security,1,41,37.516428,127.061359
Life Security,4,200,37.518451,127.062035
Life Security,4,200,37.501151,127.026313
Life Security,5,200,37.492987,127.035685
Child Protection,5,200,37.504611,127.038297
Life Security,1,200,37.503784,127.026429
Life Security,1,200,37.502572,127.034699
Life Security,5,400,37.492863,127.037976
Life Security,3,400,37.506609,127.039247
Life Security,4,200,37.496175,127.051116
Life Security,3,200,37.50037,127.050136
Life Security,5,200,37.498651,127.041203
Traffic Control,1,41,37.524775,127.050334
Traffic Control,1,200,37.523648,127.044555
Traffic Control,1,400,37.524531,127.051768
Child Protection,1,41,37.526287,127.047158
Traffic Control,1,200,37.517988,127.044889
Traffic Control,1,400,37.518443,127.047314
Traffic Control,1,200,37.522653,127.055271
Traffic Control,1,200,37.523271,127.041525
Traffic Control,1,400,37.521614,127.039782
Child Protection,1,200,37.520857,127.059004
Traffic Control,1,200,37.523822,127.042906
Traffic Control,1,400,37.525789,127.040138
Traffic Control,1,200,37.526421,127.054611
Traffic Control,2,41,37.52459,127.053896
Traffic Control,1,200,37.527324,127.053719
Traffic Control,1,200,37.522849,127.047923
Traffic Control,1,41,37.525422,127.051233
Traffic Control,1,200,37.522913,127.043188
Life Security,1,200,37.48399,127.07919
Child Protection,1,200,37.484016,127.078214
Life Security,5,200,37.482577,127.079873
Life Security,1,200,37.482863,127.079196
Life Security,1,41,37.485205,127.093043
Life Security,5,200,37.519267,127.02945
Life Security,4,200,37.519823,127.033476
Life Security,4,200,37.518297,127.031643
Life Security,5,200,37.516259,127.03157
Life Security,1,200,37.516736,127.030849
Life Security,4,200,37.52209,127.038558
Life Security,3,200,37.5212,127.035802
Life Security,5,200,37.520512,127.037675
Life Security,5,200,37.519104,127.039625
Life Security,1,41,37.519988,127.038574
Life Security,2,200,37.518685,127.037776
Life Security,1,200,37.517279,127.036232
Life Security,5,200,37.517755,127.038517
Life Security,4,200,37.516695,127.036188
Life Security,4,200,37.513926,127.033314
Life Security,5,200,37.512003,127.033436
Life Security,1,41,37.511803,127.033525
Life Security,5,200,37.522637,127.051827
Life Security,3,200,37.526764,127.053554
Child Protection,4,200,37.520497,127.046515
Life Security,4,200,37.520391,127.055112
Life Security,3,200,37.525228,127.04062
Child Protection,3,200,37.522569,127.043409
Life Security,4,200,37.523062,127.058294
Life Security,4,200,37.520018,127.052491
Life Security,4,200,37.520931,127.046244
Life Security,5,400,37.523554,127.052129
Life Security,3,400,37.524966,127.055666
Life Security,5,400,37.518778,127.042516
Life Security,5,400,37.525968,127.045204
Child Protection,4,400,37.519342,127.045028
Life Security,3,200,37.520097,127.047392
Life Security,4,200,37.520078,127.048566
Life Security,3,200,37.521312,127.057625
Life Security,4,200,37.526061,127.050131
Life Security,5,200,37.526675,127.049501
Life Security,4,200,37.521226,127.046979
Child Protection,1,200,37.52111,127.059937
Life Security,5,200,37.492577,127.037047
Life Security,1,200,37.493964,127.038791
Life Security,1,41,37.492411,127.039048
Life Security,1,41,37.492717,127.039799
Life Security,1,41,37.492139,127.03827
Life Security,1,41,37.496863,127.030191
Life Security,1,41,37.495207,127.030926
Life Security,1,41,37.496429,127.033314
Life Security,1,41,37.494122,127.032396
Life Security,4,200,37.494914,127.030224
Life Security,1,41,37.492841,127.035025
Child Protection,5,400,37.492083,127.032504
Life Security,1,41,37.490853,127.033925
Life Security,4,400,37.491721,127.033507
Child Protection,1,41,37.490598,127.03312
Life Security,1,41,37.49136,127.035695
Life Security,1,200,37.504353,127.029811
Life Security,1,200,37.505123,127.029489
Child Protection,1,200,37.486488,127.037986
Traffic Control,1,200,37.487854,127.051724
Traffic Control,1,41,37.488562,127.053709
Life Security,4,400,37.497123,127.037599
Life Security,4,400,37.501976,127.031567
Life Security,4,400,37.503729,127.031644
Life Security,5,400,37.499808,127.029481
Life Security,5,400,37.503291,127.034897
Life Security,5,400,37.495487,127.031712
Life Security,4,400,37.493426,127.030879
Life Security,4,200,37.501886,127.033707
Life Security,4,200,37.505993,127.033875
Life Security,3,200,37.496719,127.03072
Life Security,3,200,37.49599,127.035626
Life Security,4,200,37.507796,127.043112
Life Security,5,200,37.502661,127.033147
Life Security,3,200,37.502179,127.032579
Life Security,3,200,37.501244,127.032401
Life Security,3,200,37.494763,127.032158
Life Security,4,200,37.504705,127.036639
Child Protection,4,200,37.500047,127.049265
Life Security,5,200,37.499826,127.041758
Life Security,5,200,37.499322,127.039788
Life Security,5,200,37.498234,127.039816
Life Security,1,41,37.497475,127.040737
Child Protection,1,200,37.522824,127.056864
Traffic Control,1,200,37.521071,127.057758
Traffic Control,1,200,37.521896,127.041348
Disaster Detection,1,200,37.527189,127.019853
Disaster Detection,1,200,37.526383,127.018577
Disaster Detection,1,200,37.526384,127.018584
Disaster Detection,1,200,37.481433,127.046766
Disaster Detection,1,41,37.483966,127.04966
Disaster Detection,1,200,37.489884,127.062953
Disaster Detection,1,200,37.500396,127.074379
Disaster Detection,1,200,37.504617,127.067833
Disaster Detection,1,200,37.50467,127.067924
Life Security,3,200,37.476374,127.048493
Life Security,4,200,37.473407,127.053009
Life Security,4,200,37.480622,127.046658
Life Security,4,200,37.477944,127.046524
Life Security,4,200,37.477659,127.052245
Life Security,4,200,37.476359,127.046675
Child Protection,4,200,37.475862,127.048412
Life Security,4,400,37.474508,127.049052
Life Security,4,400,37.476873,127.047237
Life Security,4,200,37.510871,127.033144
Life Security,1,41,37.510065,127.03584
Life Security,1,41,37.509034,127.033984
Life Security,1,41,37.509047,127.035408
Child Protection,4,200,37.515605,127.038423
Life Security,1,41,37.515494,127.040653
Life Security,1,41,37.513468,127.036394
Life Security,4,200,37.513173,127.040596
Life Security,4,400,37.513282,127.037507
Life Security,1,41,37.510821,127.037695
Life Security,1,41,37.512064,127.038017
Child Protection,1,41,37.511357,127.039306
Life Security,5,200,37.470954,127.092305
Child Protection,4,200,37.463653,127.105824
Life Security,5,200,37.467305,127.097746
Life Security,4,200,37.463889,127.106943
Life Security,4,200,37.473741,127.108421
Life Security,1,200,37.476354,127.110345
Life Security,1,200,37.475761,127.110711
Life Security,1,200,37.475139,127.111173
Life Security,3,200,37.474322,127.111741
Disaster Detection,1,85,37.472222,127.052631
Disaster Detection,1,85,37.475211,127.058465
Disaster Detection,1,85,37.474487,127.069963
Disaster Detection,1,85,37.481673,127.070038
Disaster Detection,1,85,37.482204,127.071023
Disaster Detection,1,85,37.483717,127.072967
Disaster Detection,1,85,37.485215,127.07536
Life Security,4,200,37.507109,127.062732
Life Security,5,200,37.505994,127.062603
Life Security,5,200,37.506736,127.061461
Life Security,5,200,37.503968,127.061209
Life Security,4,200,37.505256,127.059149
Life Security,1,41,37.503966,127.059036
Child Protection,4,200,37.502726,127.059943
Life Security,1,41,37.503311,127.061375
Life Security,4,200,37.502972,127.060844
Child Protection,4,200,37.503966,127.064438
Child Protection,1,41,37.503813,127.06292
Life Security,1,41,37.502266,127.061595
Life Security,3,200,37.501611,127.0627
Life Security,1,41,37.501564,127.064652
Traffic Control,1,41,37.486278,127.050734
Traffic Control,1,41,37.487718,127.053155
Child Protection,1,200,37.494831,127.053452
Traffic Control,1,200,37.489343,127.055
Traffic Control,1,200,37.485618,127.046047
Traffic Control,1,200,37.487229,127.052253
Traffic Control,1,41,37.512367,127.057103
Traffic Control,1,41,37.511554,127.057537
Traffic Control,1,41,37.51088,127.057909
Traffic Control,1,400,37.509963,127.058407
Traffic Control,1,41,37.509275,127.058775
Traffic Control,1,200,37.513327,127.060349
Traffic Control,1,200,37.510774,127.061772
Traffic Control,1,400,37.511744,127.061212
Traffic Control,1,41,37.50857,127.05589
Traffic Control,1,200,37.509381,127.062452
Traffic Control,1,200,37.509956,127.062926
Traffic Control,1,200,37.509297,127.063963
Traffic Control,1,200,37.512513,127.056709
Traffic Control,1,200,37.515073,127.064304
Traffic Control,1,41,37.511284,127.062209
Life Security,1,41,37.499612,127.042197
Traffic Control,1,200,37.495215,127.030885
Traffic Control,1,200,37.503459,127.040628
Traffic Control,1,400,37.502274,127.040985
Traffic Control,1,200,37.501244,127.035144
Traffic Control,1,400,37.50223,127.03644
Traffic Control,1,200,37.501495,127.038388
Traffic Control,1,200,37.500248,127.035839
Traffic Control,1,200,37.499239,127.037487
Traffic Control,1,400,37.508179,127.037382
Traffic Control,1,200,37.507641,127.039211
Traffic Control,1,41,37.505981,127.041381
Traffic Control,1,200,37.505656,127.0483
Traffic Control,1,200,37.504307,127.042208
Traffic Control,1,41,37.504149,127.043683
Traffic Control,1,41,37.498544,127.030297
Traffic Control,1,200,37.497351,127.031726
Traffic Control,1,41,37.49573,127.032494
Child Protection,1,41,37.494193,127.03349
Traffic Control,1,41,37.504356,127.047725
Traffic Control,1,41,37.499244,127.027274
Life Security,3,400,37.478369,127.051176
Life Security,3,400,37.474427,127.051524
Child Protection,3,200,37.481536,127.052108
Life Security,4,200,37.47482,127.054371
Life Security,3,200,37.4737,127.052372
Life Security,4,200,37.472837,127.052261
Life Security,1,200,37.51736,127.024689
Life Security,5,200,37.514015,127.021656
Life Security,4,200,37.515772,127.026695
Life Security,4,200,37.51762,127.027657
Life Security,1,200,37.512453,127.022419
Life Security,1,41,37.5137,127.027017
Life Security,5,200,37.510668,127.026718
Life Security,1,41,37.507643,127.023841
Child Protection,5,200,37.507608,127.025948
Child Protection,1,41,37.508887,127.027004
Life Security,1,41,37.507865,127.027446
Child Protection,1,41,37.507427,127.026994
Life Security,1,41,37.506421,127.02562
Life Security,1,41,37.506841,127.028533
Life Security,1,41,37.511413,127.04518
Life Security,2,200,37.4737,127.112149
Life Security,5,200,37.465694,127.109268
Life Security,4,200,37.463279,127.103684
Life Security,3,200,37.471764,127.109549
Child Protection,4,200,37.469226,127.091725
Child Protection,4,200,37.474154,127.107648
Child Protection,5,200,37.466975,127.097172
Life Security,5,200,37.464742,127.092926
Life Security,4,200,37.469608,127.090367
Child Protection,5,200,37.472883,127.100143
Child Protection,4,200,37.473227,127.098246
Life Security,4,400,37.468333,127.102349
Life Security,5,400,37.465513,127.094908
Life Security,4,400,37.469008,127.104064
Life Security,4,400,37.477364,127.114858
Life Security,4,400,37.464939,127.103792
Life Security,4,400,37.465112,127.101389
Life Security,4,400,37.465857,127.100514
Life Security,3,400,37.463483,127.107551
Life Security,4,200,37.481139,127.100349
Life Security,3,200,37.46963,127.088968
Life Security,1,200,37.501938,127.065382
Life Security,1,41,37.502717,127.062153
Life Security,3,200,37.500921,127.064642
Life Security,1,41,37.498759,127.062786
Life Security,1,41,37.499134,127.063794
Life Security,1,200,37.498274,127.068054
Life Security,1,200,37.499083,127.072313
Life Security,1,200,37.493022,127.064009
Life Security,1,200,37.491098,127.065382
Life Security,1,200,37.490684,127.065167
Child Protection,1,200,37.495414,127.06668
Life Security,1,200,37.495312,127.069513
Life Security,4,200,37.504573,127.060275
Life Security,1,200,37.504258,127.059621
Life Security,1,200,37.501474,127.063333
Life Security,5,200,37.521472,127.025932
Life Security,3,200,37.5198,127.02689
Life Security,1,200,37.519034,127.020293
Life Security,3,400,37.519516,127.023565
Life Security,4,200,37.519199,127.023939
Life Security,3,200,37.526064,127.027699
Traffic Control,1,200,37.51422,127.052874
Traffic Control,1,200,37.50875,127.062039
Traffic Control,1,400,37.513273,127.055039
Traffic Control,1,400,37.514075,127.058436
Traffic Control,1,200,37.50768,127.059429
TrafficInfo Collect,1,100,37.511892,127.049277
TrafficInfo Collect,1,100,37.512249,127.050501
Life Security,1,41,37.493482,127.059095
Life Security,1,200,37.49455,127.06322
Child Protection,1,41,37.499331,127.053425
Life Security,4,200,37.485633,127.042025
Life Security,1,41,37.503414,127.028221
Life Security,1,200,37.503851,127.026222
Life Security,1,41,37.50225,127.04474
Disaster Detection,1,41,37.486292,127.105771
Disaster Detection,1,200,37.472408,127.118972
TrafficInfo Collect,1,100,37.522358,127.035695
TrafficInfo Collect,1,100,37.523408,127.038999
TrafficInfo Collect,1,100,37.523822,127.042906
TrafficInfo Collect,1,100,37.523648,127.044555
TrafficInfo Collect,1,100,37.52461,127.048703
TrafficInfo Collect,1,100,37.524531,127.051768
Traffic Control,1,200,37.500361,127.034692
Traffic Control,1,200,37.494806,127.029424
Child Protection,1,200,37.491493,127.034729
Child Protection,1,41,37.508355,127.040328
Traffic Control,1,200,37.508425,127.038432
Traffic Control,1,200,37.494654,127.035076
Child Protection,1,400,37.493051,127.035839
Traffic Control,1,200,37.492443,127.039033
Traffic Control,1,200,37.50009,127.038885
Child Protection,1,41,37.480731,127.053025
Life Security,4,200,37.47429,127.055615
Life Security,1,200,37.472963,127.050058
Life Security,1,41,37.473323,127.052232
Life Security,4,200,37.474397,127.052146
Life Security,5,200,37.473911,127.049817
Life Security,4,200,37.475291,127.048313
Life Security,5,200,37.477968,127.049286
Life Security,3,200,37.478548,127.052177
Life Security,5,200,37.477812,127.049053
Life Security,5,200,37.476259,127.049094
Life Security,1,41,37.478066,127.047366
Child Protection,5,200,37.513089,127.045845
Child Protection,1,41,37.512017,127.047041
Life Security,1,41,37.512634,127.049235
Life Security,3,200,37.514119,127.049412
Child Protection,1,41,37.512707,127.050812
Life Security,4,200,37.510575,127.048103
Life Security,4,400,37.511724,127.051687
Life Security,1,41,37.511438,127.053146
Life Security,1,200,37.510196,127.053779
Child Protection,3,200,37.510485,127.050871
Life Security,1,41,37.508796,127.05372
Life Security,1,41,37.507826,127.054246
Life Security,1,41,37.506251,127.050185
Life Security,1,41,37.506864,127.052347
Life Security,1,200,37.515347,127.04336
Life Security,1,200,37.513038,127.048699
Life Security,1,200,37.510907,127.047663
Life Security,1,200,37.511443,127.049841
Life Security,1,200,37.515638,127.049401
Life Security,4,200,37.514362,127.043962
Life Security,1,200,37.51106,127.048516
Life Security,5,200,37.48155,127.099849
Life Security,5,200,37.472734,127.108696
Life Security,1,41,37.484123,127.089383
Child Protection,3,200,37.482322,127.087005
Child Protection,3,200,37.483911,127.077741
Life Security,3,200,37.482767,127.077953
Life Security,3,200,37.483369,127.086039
Child Protection,3,200,37.485634,127.08432
Life Security,3,200,37.480048,127.083877
Life Security,4,200,37.481216,127.077905
Life Security,3,200,37.484584,127.089037
Life Security,3,200,37.484081,127.081788
Life Security,1,41,37.484273,127.094613
Child Protection,3,200,37.486124,127.082977
Life Security,3,200,37.481036,127.077121
Child Protection,5,200,37.485222,127.081985
Life Security,4,200,37.482114,127.090447
Life Security,4,400,37.488659,127.082233
Child Protection,4,200,37.485466,127.083237
Life Security,3,400,37.482528,127.088394
Life Security,3,400,37.485487,127.0874
Life Security,3,200,37.52165,127.029263
Life Security,4,200,37.522025,127.029725
Life Security,5,200,37.523633,127.029135
Life Security,1,41,37.525445,127.030626
Life Security,1,41,37.526449,127.029907
Life Security,4,200,37.525513,127.029253
Life Security,1,41,37.528883,127.032801
Life Security,3,200,37.528289,127.033174
Life Security,1,41,37.527813,127.031522
Life Security,1,41,37.525847,127.032627
Life Security,1,41,37.523584,127.030438
Child Protection,3,200,37.524101,127.032241
Life Security,1,41,37.522367,127.031404
Life Security,5,200,37.521644,127.031307
Life Security,3,200,37.522231,127.033099
Life Security,4,200,37.522569,127.034107
Life Security,5,200,37.525313,127.034274
Life Security,1,41,37.527694,127.035255
Life Security,1,41,37.528381,127.033748
Life Security,1,41,37.527175,127.036854
Life Security,1,41,37.525505,127.035776
TrafficInfo Collect,1,100,37.517988,127.044889
TrafficInfo Collect,1,100,37.517961,127.046362
Life Security,1,300,37.466587,127.108662
Life Security,1,300,37.466584,127.10859
Life Security,1,200,37.479205,127.064825
Life Security,4,200,37.483381,127.052749
Life Security,4,200,37.490059,127.035202
Life Security,1,41,37.488689,127.038453
Life Security,1,41,37.48652,127.039182
Child Protection,1,41,37.485992,127.038083
Child Protection,1,200,37.486516,127.036403
Life Security,5,200,37.489453,127.033276
Life Security,1,41,37.488448,127.034038
Life Security,5,200,37.486716,127.033914
Life Security,1,41,37.487026,127.034794
Life Security,1,41,37.485464,127.036232
Life Security,1,41,37.48575,127.036967
Life Security,1,41,37.488976,127.037809
Life Security,1,200,37.488827,127.033158
Life Security,1,200,37.486043,127.035223
Life Security,5,200,37.485745,127.034472
Life Security,4,200,37.488525,127.045072
Life Security,5,200,37.480069,127.045635
Life Security,5,200,37.47962,127.046476
Life Security,3,200,37.480445,127.047303
Life Security,5,200,37.480458,127.047302
Life Security,5,200,37.48041,127.04898
Life Security,1,41,37.480831,127.048029
Child Protection,1,41,37.475901,127.053693
Life Security,1,200,37.47692,127.047522
Life Security,1,200,37.479681,127.046179
Child Protection,1,200,37.480444,127.052545
Life Security,1,200,37.4748,127.055206
Life Security,1,200,37.472039,127.051007
Life Security,1,200,37.472879,127.051359
Life Security,1,200,37.475329,127.053847
Life Security,1,200,37.476829,127.050637
Life Security,4,200,37.477494,127.050958
Life Security,1,200,37.475355,127.047715
Life Security,1,200,37.47902,127.045194
Life Security,1,41,37.517813,127.061713
Life Security,1,41,37.518412,127.062952
Life Security,1,200,37.51817,127.064964
Life Security,5,200,37.50983,127.052561
Life Security,1,200,37.513889,127.045373
Life Security,4,200,37.51197,127.052502
Life Security,4,200,37.51126,127.051188
Life Security,4,200,37.509958,127.046022
Life Security,3,200,37.496452,127.047578
Life Security,3,200,37.494092,127.044244
Life Security,5,400,37.502181,127.04482
Life Security,4,400,37.502809,127.049402
Life Security,4,200,37.515098,127.048897
Life Security,5,400,37.512131,127.037561
Life Security,4,400,37.496869,127.042934
Life Security,1,200,37.498526,127.040803
Life Security,1,200,37.496035,127.041276
Life Security,5,200,37.499626,127.040758
Life Security,3,200,37.499269,127.041427
Life Security,4,200,37.496052,127.040597
Life Security,5,200,37.494424,127.04213
Life Security,5,200,37.495398,127.043407
Child Protection,5,200,37.491837,127.082352
Life Security,4,200,37.494107,127.082174
Life Security,4,200,37.492943,127.084089
Life Security,4,400,37.48158,127.080105
Life Security,3,400,37.484641,127.085035
Life Security,4,200,37.484297,127.079761
Life Security,5,200,37.522897,127.043155
Life Security,4,200,37.522661,127.04776
Life Security,1,41,37.521293,127.048202
Life Security,1,41,37.521993,127.046909
Life Security,1,41,37.522652,127.046714
Life Security,1,41,37.522266,127.046264
Life Security,1,41,37.523097,127.04556
Life Security,1,41,37.521948,127.045256
Life Security,5,200,37.521438,127.043923
Life Security,4,200,37.51031,127.041071
Life Security,1,200,37.520258,127.039756
Life Security,1,200,37.519443,127.038723
Life Security,1,200,37.512987,127.034488
Life Security,1,200,37.51082,127.034622
Child Protection,1,200,37.516008,127.040078
Life Security,1,200,37.511151,127.041779
Child Protection,1,200,37.511551,127.039977
Life Security,1,200,37.510585,127.041978
Life Security,1,200,37.512189,127.042248
Life Security,3,200,37.523654,127.035196
Life Security,3,200,37.524709,127.037541
Life Security,4,200,37.526381,127.036972
Disaster Detection,1,85,37.479888,127.081061
Disaster Detection,1,85,37.483455,127.094476
Facility Management,1,41,37.492137,127.054725
Facility Management,1,41,37.492188,127.054961
Facility Management,1,41,37.486989,127.053674
Facility Management,1,41,37.491952,127.095853
Facility Management,1,41,37.492579,127.095705
Facility Management,1,41,37.485196,127.037645
Facility Management,1,41,37.508549,127.063905
Facility Management,1,41,37.508762,127.064018
Facility Management,1,41,37.496866,127.070217
Facility Management,1,41,37.487218,127.100618
Facility Management,1,41,37.487229,127.100643
Facility Management,1,41,37.487243,127.100669
Facility Management,1,41,37.487251,127.100692
Facility Management,1,41,37.487262,127.100716
Facility Management,1,41,37.487272,127.100745
Life Security,4,200,37.487044,127.044466
Life Security,1,41,37.488614,127.034236
Life Security,3,200,37.492705,127.044128
Life Security,4,200,37.489906,127.035442
Life Security,3,200,37.488828,127.034551
Life Security,4,200,37.488944,127.047207
Child Protection,3,200,37.490579,127.038206
Life Security,3,200,37.489896,127.041677
Life Security,4,200,37.487276,127.035341
Life Security,5,200,37.488656,127.037372
Life Security,1,200,37.485169,127.037252
Life Security,1,200,37.485169,127.037252
Life Security,4,200,37.489872,127.036554
Life Security,5,200,37.491328,127.039622
Life Security,1,200,37.50255,127.0279
Life Security,1,200,37.501974,127.032911
Life Security,1,200,37.506711,127.037181
Life Security,1,200,37.504949,127.035894
Life Security,1,200,37.505817,127.038394
Life Security,1,200,37.506575,127.042766
Life Security,4,200,37.508302,127.043544
Life Security,1,41,37.516545,127.066096
Life Security,4,400,37.515966,127.064159
Life Security,1,41,37.516945,127.063199
Life Security,3,200,37.512566,127.054959
Life Security,4,200,37.512179,127.055935
Life Security,1,41,37.511707,127.054101
Life Security,4,200,37.511111,127.056391
Life Security,3,400,37.510536,127.057121
Life Security,4,200,37.509587,127.056198
Life Security,1,41,37.508941,127.057271
Life Security,3,200,37.508324,127.059063
Life Security,1,41,37.512517,127.063031
Life Security,1,41,37.513017,127.064942
Life Security,1,200,37.518157,127.05579
Life Security,1,200,37.516098,127.060275
Life Security,1,200,37.517451,127.062324
Life Security,1,200,37.5184,127.061627
Life Security,1,200,37.516906,127.061691
Life Security,3,200,37.519885,127.058687
Child Protection,3,200,37.511823,127.055275
Life Security,3,200,37.514768,127.058483
Life Security,4,200,37.494753,127.084271
Life Security,1,41,37.493629,127.086217
Life Security,1,41,37.491705,127.087136
Life Security,1,41,37.491929,127.086637
Life Security,4,200,37.491469,127.085717
Life Security,1,41,37.491867,127.084591
Life Security,1,41,37.490453,127.085247
Life Security,1,200,37.490797,127.083155
Life Security,1,41,37.490588,127.081819
Child Protection,1,200,37.492856,127.081675
Life Security,1,200,37.491044,127.087555
Child Protection,1,200,37.49161,127.083226
Child Protection,1,200,37.493495,127.088209
Life Security,1,200,37.494082,127.08548
Disaster Detection,1,200,37.505455,127.068733
Disaster Detection,1,200,37.505231,127.067951
Disaster Detection,1,200,37.504793,127.067868
Disaster Detection,1,200,37.504526,127.067992
Disaster Detection,1,200,37.488248,127.106892
Disaster Detection,1,200,37.47253,127.117787
Disaster Detection,1,200,37.472438,127.117853
Life Security,1,200,37.518423,127.033035
Life Security,1,200,37.514569,127.037484
Life Security,1,200,37.517267,127.032097
Life Security,4,200,37.512131,127.037561
Life Security,1,200,37.511089,127.03971
Child Protection,4,200,37.512808,127.040177
Life Security,4,200,37.514075,127.040788
Life Security,3,200,37.512965,127.039425
Life Security,5,200,37.521393,127.038741
Life Security,5,200,37.519013,127.032732
Life Security,5,200,37.520141,127.032161
Life Security,4,200,37.511569,127.039068
Child Protection,4,200,37.512215,127.040395
Life Security,5,200,37.518563,127.039477
Life Security,4,200,37.518879,127.028665
Life Security,5,200,37.518773,127.03209
Child Protection,3,200,37.512198,127.039311
Child Protection,4,200,37.511872,127.034735
Life Security,3,200,37.509829,127.035007
Life Security,4,200,37.468285,127.097867
Life Security,4,200,37.471611,127.107795
Facility Management,1,41,37.487627,127.101558
Child Protection,1,200,37.486626,127.056678
Traffic Control,1,200,37.48297,127.060403
Child Protection,1,200,37.489151,127.066937
Child Protection,1,200,37.48945,127.068974
Child Protection,1,200,37.475226,127.051062
Traffic Control,1,400,37.478673,127.047318
Traffic Control,1,200,37.512848,127.031119
Traffic Control,1,41,37.513595,127.029904
Traffic Control,1,41,37.51933,127.027977
Traffic Control,1,41,37.510486,127.0247
Traffic Control,1,41,37.51696,127.022038
Child Protection,1,41,37.50744,127.026999
Traffic Control,1,41,37.505632,127.02786
Life Security,1,200,37.502364,127.06373
Life Security,1,200,37.500427,127.063193
Life Security,1,200,37.501417,127.060425
Life Security,4,200,37.505447,127.06358
Life Security,4,200,37.504604,127.061032
Life Security,3,200,37.493822,127.071347
Life Security,5,200,37.506288,127.060176
Life Security,1,200,37.505583,127.044954
Life Security,1,200,37.50474,127.046789
Life Security,1,200,37.501681,127.026753
Life Security,1,200,37.504477,127.034263
Life Security,1,200,37.504766,127.031001
Life Security,1,200,37.503987,127.033464
Life Security,1,200,37.505779,127.036414
Life Security,1,200,37.503698,127.038839
Life Security,1,200,37.504732,127.038748
Life Security,1,200,37.505434,127.042996
Life Security,1,200,37.506898,127.046381
Life Security,1,200,37.506579,127.044997
Life Security,1,200,37.49456,127.037584
Life Security,1,200,37.50219,127.027079
Life Security,1,200,37.501687,127.028793
Life Security,4,200,37.508525,127.041066
Life Security,1,200,37.504257,127.026852
Life Security,1,200,37.505597,127.035605
Life Security,4,200,37.494488,127.038874
Life Security,1,200,37.496115,127.035315
Life Security,5,200,37.505733,127.044268
Child Protection,5,200,37.503854,127.037076
Life Security,5,200,37.515985,127.061863
Life Security,4,200,37.515534,127.063268
Life Security,3,200,37.518361,127.060677
Life Security,4,200,37.518478,127.064341
Life Security,4,200,37.495718,127.059431
Life Security,3,200,37.496006,127.061608
Life Security,4,200,37.521223,127.024469
Life Security,4,200,37.52661,127.021053
Life Security,5,200,37.518331,127.023372
Life Security,5,200,37.521491,127.023594
Child Protection,3,200,37.506606,127.024701
Life Security,4,200,37.516179,127.025953
Life Security,3,200,37.515783,127.029401
Life Security,4,200,37.512304,127.030636
Life Security,4,200,37.511475,127.033771
Life Security,4,200,37.512195,127.037282
Life Security,5,200,37.518873,127.038987
Life Security,5,200,37.520199,127.039275
Life Security,5,200,37.524496,127.029894
Life Security,5,200,37.526479,127.030737
Life Security,4,200,37.524201,127.035929
Disaster Detection,1,200,37.472383,127.118023
Disaster Detection,1,200,37.47217,127.117982
Disaster Detection,1,200,37.47234,127.117907
Disaster Detection,1,200,37.47182,127.119645
Disaster Detection,1,200,37.484573,127.109037
Disaster Detection,1,200,37.484859,127.108871
Disaster Detection,1,200,37.484944,127.109247
Disaster Detection,1,200,37.478676,127.114274
Disaster Detection,1,41,37.46655,127.122005
Disaster Detection,1,200,37.467214,127.12191
Disaster Detection,1,200,37.461031,127.113245
Disaster Detection,1,200,37.461111,127.113758
Disaster Detection,1,41,37.464238,127.119609
Disaster Detection,1,200,37.464515,127.11999
Disaster Detection,1,41,37.462555,127.106649
Disaster Detection,1,200,37.462284,127.106873
Disaster Detection,1,41,37.462454,127.107117
Disaster Detection,1,200,37.493808,127.061238
Disaster Detection,1,200,37.494949,127.063223
Disaster Detection,1,200,37.462583,127.106704
Disaster Detection,1,200,37.524137,127.0226
Disaster Detection,1,200,37.517403,127.047266
Life Security,3,200,37.470297,127.104633
Life Security,3,200,37.473354,127.108186
Life Security,4,200,37.463456,127.10151
Life Security,5,200,37.4672,127.098456
Life Security,5,200,37.492426,127.099596
Life Security,4,200,37.485771,127.099277
Life Security,1,200,37.484954,127.097877
Life Security,1,41,37.485296,127.09913
Life Security,4,41,37.484858,127.100127
Life Security,1,200,37.487502,127.105407
Child Protection,4,41,37.491644,127.102301
Child Protection,1,200,37.490187,127.10143
Life Security,1,41,37.490728,127.103928
Child Protection,1,41,37.486474,127.104503
Life Security,1,41,37.490713,127.097526
Life Security,1,41,37.488093,127.098781
Child Protection,1,41,37.487563,127.097526
Life Security,1,200,37.489497,127.099682
Life Security,1,200,37.486412,127.099513
Life Security,1,200,37.48634,127.106877
Life Security,3,200,37.486336,127.107662
Life Security,3,200,37.501131,127.062011
Child Protection,3,200,37.493615,127.063864
Life Security,3,200,37.504357,127.058972
Life Security,4,200,37.500983,127.061809
Life Security,4,200,37.502476,127.060899
Life Security,5,200,37.493981,127.071082
Life Security,4,200,37.50109,127.063305
Life Security,5,200,37.501331,127.062332
Life Security,4,200,37.499895,127.06233
Life Security,4,200,37.505413,127.067925
Life Security,5,200,37.506923,127.062083
Life Security,3,200,37.507243,127.064917
Life Security,3,200,37.496043,127.067807
Life Security,5,200,37.505869,127.058885
Child Protection,4,200,37.500038,127.066729
Child Protection,5,200,37.500182,127.062239
Child Protection,4,200,37.504208,127.064269
Life Security,5,200,37.495718,127.069698
Life Security,4,200,37.499408,127.064811
Life Security,4,400,37.504983,127.066957
Life Security,4,400,37.503236,127.060084
Life Security,4,200,37.505299,127.045662
Child Protection,1,41,37.519744,127.056857
Traffic Control,1,41,37.518604,127.050139
Traffic Control,1,41,37.517425,127.050801
Traffic Control,1,41,37.51659,127.051228
Traffic Control,1,200,37.51094,127.045616
Traffic Control,1,41,37.511988,127.049183
Traffic Control,1,200,37.512351,127.050433
Traffic Control,1,41,37.505229,127.050547
Traffic Control,1,41,37.505872,127.052707
Traffic Control,1,200,37.50654,127.054826
Child Protection,1,200,37.517961,127.046362
Traffic Control,1,200,37.517255,127.042332
Traffic Control,1,200,37.505189,127.048836
Traffic Control,1,200,37.512475,127.05091
Traffic Control,1,41,37.470911,127.118645
Traffic Control,1,41,37.469725,127.118181
Traffic Control,1,41,37.469271,127.120836
Traffic Control,1,41,37.468745,127.119876
Traffic Control,1,41,37.469865,127.11918
Traffic Control,1,41,37.467736,127.12008
Life Security,5,200,37.526161,127.051502
Child Protection,4,200,37.519261,127.059
Life Security,4,200,37.517718,127.06439
Life Security,4,200,37.515218,127.061537
Life Security,3,200,37.515372,127.058468
Life Security,4,200,37.514014,127.049012
Life Security,4,200,37.514995,127.050224
Life Security,4,200,37.514335,127.045281
Life Security,3,200,37.509763,127.052059
Life Security,4,200,37.494597,127.063017
Child Protection,5,200,37.491195,127.055469
Life Security,3,200,37.493789,127.061262
Child Protection,5,200,37.494346,127.063572
Child Protection,3,200,37.499167,127.053625
Life Security,3,200,37.499505,127.059286
Life Security,3,200,37.500672,127.058672
Life Security,3,200,37.503613,127.053549
Life Security,5,200,37.498933,127.060666
Life Security,4,200,37.49922,127.02781
Life Security,4,200,37.50757,127.045324
Life Security,4,200,37.505275,127.043761
Disaster Detection,1,200,37.50764,127.052048
Disaster Detection,1,200,37.507577,127.052112
Disaster Detection,1,200,37.52821,127.018791
Disaster Detection,1,200,37.527301,127.0199
Disaster Detection,1,200,37.527258,127.020048
Life Security,1,200,37.516002,127.025011
Life Security,1,200,37.511271,127.025625
Life Security,1,200,37.508461,127.032224
Life Security,1,200,37.506859,127.029569
Life Security,1,200,37.517486,127.025883
Life Security,1,200,37.515471,127.022394
Life Security,1,200,37.515485,127.0236
Life Security,5,200,37.514478,127.024207
Life Security,4,200,37.511972,127.028579
Life Security,1,200,37.509857,127.024708
Life Security,1,200,37.511329,127.029465
Life Security,1,200,37.511532,127.030086
Life Security,1,200,37.510489,127.031495
Life Security,1,200,37.510006,127.030004
Life Security,1,200,37.509856,127.028011
Life Security,1,200,37.50844,127.025344
Life Security,3,200,37.484584,127.097322
Life Security,4,200,37.487476,127.106409
Child Protection,3,200,37.486103,127.098927
Child Protection,4,200,37.491198,127.100978
Life Security,3,200,37.49063,127.098952
Life Security,4,200,37.48662,127.102225
Life Security,3,200,37.488121,127.100758
Life Security,4,200,37.488112,127.105802
Life Security,3,200,37.486672,127.099992
Child Protection,3,200,37.486752,127.097223
Life Security,3,200,37.522132,127.044978
Life Security,5,200,37.522247,127.04456
Life Security,1,41,37.521776,127.042062
Life Security,3,200,37.521754,127.040511
Child Protection,5,400,37.520342,127.044709
Child Protection,4,400,37.519506,127.044544
Life Security,1,41,37.519169,127.043323
Life Security,1,41,37.520381,127.048216
Life Security,1,200,37.519928,127.049557
Life Security,1,41,37.519879,127.048026
Child Protection,5,200,37.519697,127.046764
Life Security,4,200,37.501961,127.060969
Life Security,3,200,37.504385,127.054508
Life Security,3,200,37.527989,127.039799
Life Security,5,200,37.527534,127.038093
Life Security,1,41,37.525871,127.039075
Life Security,1,41,37.524799,127.038721
Life Security,1,41,37.531614,127.025149
Life Security,1,41,37.532201,127.027128
Child Protection,3,200,37.532737,127.029414
Life Security,4,200,37.530121,127.027745
Child Protection,4,400,37.528075,127.030116
Life Security,4,200,37.531814,127.036409
Life Security,5,200,37.528738,127.036983
Life Security,3,200,37.530904,127.040153
Life Security,3,200,37.530338,127.041698
Life Security,1,200,37.521212,127.030073
Child Protection,1,200,37.531676,127.033131
Child Protection,4,200,37.525388,127.036511
Life Security,3,200,37.529763,127.043962
Life Security,4,200,37.526998,127.030767
Life Security,1,200,37.520633,127.028199
Traffic Control,1,200,37.475053,127.104316
Traffic Control,1,200,37.465426,127.101752
Child Protection,1,400,37.469215,127.091651
Child Protection,1,200,37.472972,127.100182
Traffic Control,1,200,37.470397,127.089897
Child Protection,1,400,37.487372,127.102546
Child Protection,1,400,37.488439,127.102252
Traffic Control,1,200,37.488556,127.100529
Traffic Control,1,200,37.48651,127.104495
Traffic Control,1,200,37.485229,127.103925
Life Security,4,200,37.485422,127.056138
Child Protection,3,200,37.482268,127.059292
Life Security,4,200,37.477762,127.057822
Life Security,1,200,37.480603,127.060967
Life Security,1,200,37.482156,127.055454
Life Security,4,200,37.476652,127.058355
Life Security,4,200,37.483436,127.05718
Life Security,4,200,37.482184,127.060876
Life Security,3,200,37.481305,127.053921
Life Security,4,200,37.480328,127.063091
Life Security,3,200,37.496385,127.046844
Life Security,5,200,37.503788,127.03261
Life Security,4,200,37.50539,127.037096
Life Security,4,200,37.499869,127.042979
Life Security,5,200,37.500484,127.040338
Life Security,4,200,37.487796,127.044641
Life Security,5,200,37.493127,127.045308
Life Security,5,200,37.485209,127.04755
Life Security,3,200,37.489066,127.053498
Life Security,3,200,37.48404,127.051442
Life Security,4,200,37.488425,127.058673
Child Protection,5,200,37.486205,127.05911
Life Security,3,200,37.477121,127.046443
Life Security,4,200,37.479381,127.047066
Life Security,3,200,37.483649,127.050867
Life Security,3,200,37.481325,127.046439
Life Security,3,200,37.480269,127.091628
Life Security,4,200,37.480917,127.088315
Life Security,3,200,37.493736,127.08013
Life Security,3,200,37.487587,127.101853
